{
  "parent": "thermal:block/frame_base",
  "textures": {
    "particle": "contenttweaker:block/enderium_machine_top",
    "down": "contenttweaker:block/enderium_machine_bottom",
    "up": "contenttweaker:block/enderium_machine_top",
    "north": "contenttweaker:block/enderium_machine_side",
    "east": "contenttweaker:block/enderium_machine_side",
    "south": "contenttweaker:block/enderium_machine_side",
    "west": "contenttweaker:block/enderium_machine_side",
    "inner": "contenttweaker:block/enderium_machine_inner"
  }
}